电话号码,公司名称
13602530712,泽崎贸易(深圳)有限公司
13045641319,上海航欧机电设备有限公司
15013474612,上海比利威环保有限公司
17865326988,青岛天智达塑胶集成有限公司
13959767983,厦门爱特斯机电有限公司
13382567676,江苏远青金属制品有限公司
15805061213,悉迈尔（福建）智能科技有限公司
18166195863,万代国际贸易（深圳）有限公司
18861500285,无锡恩驰科技有限公司
13823230793,惠州斯彼得水射流技术有限公司
18561673546,青岛国中橡胶有限公司
13858851926,温州市华安机械科技有限公司
15893861157,河南瑞佳机械工具制造有限公司
18952421490,昆山展宇波纹管有限公司
18969770561,乐清亿凡机械有限公司
15258176702,杭州国辰正域科技有限公司
13826986992,东莞市柏卡气动元件科技有限公司
18156957462,合肥创谦智能科技有限公司
,上海道格实业有限公司
13774312818,上海顶佳机械设备科技有限公司
18315843906,山东东方塑胶有限公司
18218786197,深圳市孟京科技有限公司
13962195250,深圳市慧烁机电有限公司
18857752569,温州奥企阀门科技有限公司
18569951608,巩义市锦通管道设备有限公司
17315479989,昆山万盛全精密电子有限公司
17717843925,上海鸿枝贸易有限公司
18018295825,江苏博旭船用设备制造有限公司
13391250922,上海隆为实业有限公司
13925247976,深圳市福荣德机电有限公司
17779590687,江西锐沃流体技术有限公司
18961074399,泰州海得利吊装设备有限公司
18027038650,东莞科南自动化有限公司
13302284605,广州共誉不锈钢流体设备有限公司
18858779406,温州市乾方机械有限公司
15879165745,南昌雪力科技有限公司
18903889488,洛阳广通管件设备有限公司
18118298236,江苏依卡维电子科技有限公司
13931817810,河北益茂橡塑制品有限公司
18410069836,沈阳嘉志科技有限公司
18166195863,万代国际贸易（深圳）有限公司
18166195863,万代国际贸易（深圳）有限公司
18166195863,万代国际贸易（深圳）有限公司
18166195863,万代国际贸易（深圳）有限公司
18166195863,万代国际贸易（深圳）有限公司
18861500285,无锡恩驰科技有限公司
13823230793,惠州斯彼得水射流技术有限公司
13823230793,惠州斯彼得水射流技术有限公司
13823230793,惠州斯彼得水射流技术有限公司
18857752569,温州奥企阀门科技有限公司
18561673546,青岛国中橡胶有限公司
13858851926,温州市华安机械科技有限公司
13962195250,深圳市慧烁机电有限公司
13962195250,深圳市慧烁机电有限公司
13962195250,深圳市慧烁机电有限公司
13962195250,深圳市慧烁机电有限公司
13962195250,深圳市慧烁机电有限公司
13962195250,深圳市慧烁机电有限公司
13962195250,深圳市慧烁机电有限公司
13962195250,深圳市慧烁机电有限公司
13962195250,深圳市慧烁机电有限公司
18857752569,温州奥企阀门科技有限公司
18857752569,温州奥企阀门科技有限公司
18857752569,温州奥企阀门科技有限公司
18857752569,温州奥企阀门科技有限公司
18569951608,巩义市锦通管道设备有限公司
17315479989,昆山万盛全精密电子有限公司
17315479989,昆山万盛全精密电子有限公司
17315479989,昆山万盛全精密电子有限公司
17717843925,上海鸿枝贸易有限公司
17717843925,上海鸿枝贸易有限公司
17717843925,上海鸿枝贸易有限公司
17717843925,上海鸿枝贸易有限公司
17315479989,昆山万盛全精密电子有限公司
17315479989,昆山万盛全精密电子有限公司
17315479989,昆山万盛全精密电子有限公司
17315479989,昆山万盛全精密电子有限公司
17315479989,昆山万盛全精密电子有限公司
18018295825,江苏博旭船用设备制造有限公司
18018295825,江苏博旭船用设备制造有限公司
13858851926,温州市华安机械科技有限公司
15893861157,河南瑞佳机械工具制造有限公司
18952421490,昆山展宇波纹管有限公司
18952421490,昆山展宇波纹管有限公司
18952421490,昆山展宇波纹管有限公司
18952421490,昆山展宇波纹管有限公司
18969770561,乐清亿凡机械有限公司
15258176702,杭州国辰正域科技有限公司
13826986992,东莞市柏卡气动元件科技有限公司
13826986992,东莞市柏卡气动元件科技有限公司
13826986992,东莞市柏卡气动元件科技有限公司
13826986992,东莞市柏卡气动元件科技有限公司
13826986992,东莞市柏卡气动元件科技有限公司
13826986992,东莞市柏卡气动元件科技有限公司
13826986992,东莞市柏卡气动元件科技有限公司
13826986992,东莞市柏卡气动元件科技有限公司
13826986992,东莞市柏卡气动元件科技有限公司
13826986992,东莞市柏卡气动元件科技有限公司
13826986992,东莞市柏卡气动元件科技有限公司
13391250922,上海隆为实业有限公司
13391250922,上海隆为实业有限公司
13925247976,深圳市福荣德机电有限公司
13925247976,深圳市福荣德机电有限公司
13962195250,深圳市慧烁机电有限公司
13962195250,深圳市慧烁机电有限公司
13962195250,深圳市慧烁机电有限公司
13962195250,深圳市慧烁机电有限公司
13962195250,深圳市慧烁机电有限公司
13925247976,深圳市福荣德机电有限公司
13925247976,深圳市福荣德机电有限公司
13925247976,深圳市福荣德机电有限公司
13925247976,深圳市福荣德机电有限公司
13925247976,深圳市福荣德机电有限公司
13925247976,深圳市福荣德机电有限公司
13962195250,深圳市慧烁机电有限公司
13962195250,深圳市慧烁机电有限公司
13962195250,深圳市慧烁机电有限公司
13962195250,深圳市慧烁机电有限公司
17779590687,江西锐沃流体技术有限公司
18961074399,泰州海得利吊装设备有限公司

13826986992,东莞市柏卡气动元件科技有限公司
15258176702,杭州国辰正域科技有限公司
18156957462,合肥创谦智能科技有限公司
,上海道格实业有限公司
13774312818,上海顶佳机械设备科技有限公司
18315843906,山东东方塑胶有限公司
18858779406,温州市乾方机械有限公司
18858779406,温州市乾方机械有限公司
13774312818,上海顶佳机械设备科技有限公司
13774312818,上海顶佳机械设备科技有限公司
13774312818,上海顶佳机械设备科技有限公司
13774312818,上海顶佳机械设备科技有限公司
13774312818,上海顶佳机械设备科技有限公司
13774312818,上海顶佳机械设备科技有限公司
13774312818,上海顶佳机械设备科技有限公司
,上海道格实业有限公司
18218786197,深圳市孟京科技有限公司
18218786197,深圳市孟京科技有限公司
18218786197,深圳市孟京科技有限公司
18218786197,深圳市孟京科技有限公司
18218786197,深圳市孟京科技有限公司
18218786197,深圳市孟京科技有限公司
18218786197,深圳市孟京科技有限公司
18218786197,深圳市孟京科技有限公司
18218786197,深圳市孟京科技有限公司
18218786197,深圳市孟京科技有限公司
18218786197,深圳市孟京科技有限公司
18027038650,东莞科南自动化有限公司
18027038650,东莞科南自动化有限公司
13302284605,广州共誉不锈钢流体设备有限公司
18569951608,巩义市锦通管道设备有限公司
18858779406,温州市乾方机械有限公司
15879165745,南昌雪力科技有限公司
15879165745,南昌雪力科技有限公司
15879165745,南昌雪力科技有限公司
15879165745,南昌雪力科技有限公司
18118298236,江苏依卡维电子科技有限公司
18118298236,江苏依卡维电子科技有限公司
18118298236,江苏依卡维电子科技有限公司
13931817810,河北益茂橡塑制品有限公司

17865326988,青岛天智达塑胶集成有限公司
13167017085,上海牧冶阀门有限公司
13167017085,上海牧冶阀门有限公司
13167017085,上海牧冶阀门有限公司
13167017085,上海牧冶阀门有限公司
13167017085,上海牧冶阀门有限公司
13167017085,上海牧冶阀门有限公司
13167017085,上海牧冶阀门有限公司
13167017085,上海牧冶阀门有限公司
13167017085,上海牧冶阀门有限公司
13167017085,上海牧冶阀门有限公司
13167017085,上海牧冶阀门有限公司
13167017085,上海牧冶阀门有限公司
13774312818,上海顶佳机械设备科技有限公司
13774312818,上海顶佳机械设备科技有限公司
13774312818,上海顶佳机械设备科技有限公司
13774312818,上海顶佳机械设备科技有限公司
13774312818,上海顶佳机械设备科技有限公司
13774312818,上海顶佳机械设备科技有限公司
13774312818,上海顶佳机械设备科技有限公司
13774312818,上海顶佳机械设备科技有限公司
18926521266,深圳市华敏科技有限公司
18903889488,洛阳广通管件设备有限公司
13774312818,上海顶佳机械设备科技有限公司
13774312818,上海顶佳机械设备科技有限公司
13774312818,上海顶佳机械设备科技有限公司
13774312818,上海顶佳机械设备科技有限公司
13774312818,上海顶佳机械设备科技有限公司
13774312818,上海顶佳机械设备科技有限公司
13774312818,上海顶佳机械设备科技有限公司
13774312818,上海顶佳机械设备科技有限公司
18903889488,洛阳广通管件设备有限公司
15902986747,西安市高新区福一盛贸易行
18739057765,洛阳市洛龙区建通建材商行
18903889488,洛阳广通管件设备有限公司
18903889488,洛阳广通管件设备有限公司
15359281389,厦门乾球自动化科技有限公司
15359281389,厦门乾球自动化科技有限公司
18410069836,沈阳嘉志科技有限公司
13182823323,南京金倍得科技发展有限公司

13167017085,上海牧冶阀门有限公司
13167017085,上海牧冶阀门有限公司
13167017085,上海牧冶阀门有限公司
13167017085,上海牧冶阀门有限公司
13167017085,上海牧冶阀门有限公司
13167017085,上海牧冶阀门有限公司
13167017085,上海牧冶阀门有限公司
13167017085,上海牧冶阀门有限公司
13167017085,上海牧冶阀门有限公司
13167017085,上海牧冶阀门有限公司
13167017085,上海牧冶阀门有限公司
13167017085,上海牧冶阀门有限公司
13167017085,上海牧冶阀门有限公司
13167017085,上海牧冶阀门有限公司
13167017085,上海牧冶阀门有限公司
13167017085,上海牧冶阀门有限公司
13167017085,上海牧冶阀门有限公司
13167017085,上海牧冶阀门有限公司
13167017085,上海牧冶阀门有限公司
13167017085,上海牧冶阀门有限公司
13167017085,上海牧冶阀门有限公司
13167017085,上海牧冶阀门有限公司
13167017085,上海牧冶阀门有限公司
13167017085,上海牧冶阀门有限公司
13167017085,上海牧冶阀门有限公司
13167017085,上海牧冶阀门有限公司
13167017085,上海牧冶阀门有限公司
13167017085,上海牧冶阀门有限公司
13167017085,上海牧冶阀门有限公司
13167017085,上海牧冶阀门有限公司
13167017085,上海牧冶阀门有限公司
13167017085,上海牧冶阀门有限公司
13167017085,上海牧冶阀门有限公司
13167017085,上海牧冶阀门有限公司
18675734052,佛山市金浩博管业有限公司
18569951608,巩义市锦通管道设备有限公司
18569951608,巩义市锦通管道设备有限公司
18569951608,巩义市锦通管道设备有限公司
18569951608,巩义市锦通管道设备有限公司
18569951608,巩义市锦通管道设备有限公司

13682696169,深圳市恒源达喷雾设备有限公司
13682696169,深圳市恒源达喷雾设备有限公司
13682696169,深圳市恒源达喷雾设备有限公司
13682696169,深圳市恒源达喷雾设备有限公司
18924367185,东莞市添丰管业有限公司
18924367185,东莞市添丰管业有限公司
18924367185,东莞市添丰管业有限公司
18924367185,东莞市添丰管业有限公司
18924367185,东莞市添丰管业有限公司
18924367185,东莞市添丰管业有限公司
18924367185,东莞市添丰管业有限公司
18924367185,东莞市添丰管业有限公司
18924367185,东莞市添丰管业有限公司
18924367185,东莞市添丰管业有限公司
18924367185,东莞市添丰管业有限公司
18924367185,东莞市添丰管业有限公司
18924367185,东莞市添丰管业有限公司
18924367185,东莞市添丰管业有限公司
18924367185,东莞市添丰管业有限公司
18924367185,东莞市添丰管业有限公司
18924367185,东莞市添丰管业有限公司
18924367185,东莞市添丰管业有限公司
18924367185,东莞市添丰管业有限公司
18924367185,东莞市添丰管业有限公司
18924367185,东莞市添丰管业有限公司
18924367185,东莞市添丰管业有限公司
15858334008,浙江雷诺尔电气有限公司
15858334008,浙江雷诺尔电气有限公司
15858334008,浙江雷诺尔电气有限公司
18037384698,河南弘旷商贸有限公司
18037384698,河南弘旷商贸有限公司
13713071164,东莞市友诺自动化设备有限公司
15051805943,南京玖宝机电设备有限公司
13961011588,泰州市力夫特绳网带厂
13175618000,温州华源钢业有限公司
13780665725,青岛橡一输送带有限公司
15051805943,南京玖宝机电设备有限公司
15617822753,河南卓锦管道设备有限公司
15617822753,河南卓锦管道设备有限公司
15617822753,河南卓锦管道设备有限公司

18258427727,杭州浙稳贺机械配件有限公司
18258427727,杭州浙稳贺机械配件有限公司
18258427727,杭州浙稳贺机械配件有限公司
18258427727,杭州浙稳贺机械配件有限公司
18258427727,杭州浙稳贺机械配件有限公司
18258427727,杭州浙稳贺机械配件有限公司
18258427727,杭州浙稳贺机械配件有限公司
18258427727,杭州浙稳贺机械配件有限公司
18258427727,杭州浙稳贺机械配件有限公司
18258427727,杭州浙稳贺机械配件有限公司
18258427727,杭州浙稳贺机械配件有限公司
18258427727,杭州浙稳贺机械配件有限公司
18258427727,杭州浙稳贺机械配件有限公司
18258427727,杭州浙稳贺机械配件有限公司
18258427727,杭州浙稳贺机械配件有限公司
13682696169,深圳市恒源达喷雾设备有限公司
13682696169,深圳市恒源达喷雾设备有限公司
18569951608,巩义市锦通管道设备有限公司
18569951608,巩义市锦通管道设备有限公司
18569951608,巩义市锦通管道设备有限公司
15051805943,南京玖宝机电设备有限公司
13564776267,上海昊可流体控制技术有限公司
13564776267,上海昊可流体控制技术有限公司
13434183306,广州希格欧机械设备有限公司
13434183306,广州希格欧机械设备有限公司
15122292665,天津一洋五金有限公司
18217421557,上海巨霞流体设备有限公司
,美国派克阀门中国有限公司
,美国派克阀门中国有限公司
,美国派克阀门中国有限公司
,美国派克阀门中国有限公司
,美国派克阀门中国有限公司
13901973570,上海南而阀门有限公司
,上海豪势流体设备有限公司
,上海广璨流体科技有限公司
,上海良泽阀门有限公司
17779590687,江西锐沃流体技术有限公司
,上海丹欧阀门有限公司
,上海丹欧阀门有限公司
15345997757,上海北冥阀门有限公司

15302219611,广州市晶世威机电设备有限公司
15302219611,广州市晶世威机电设备有限公司
15302219611,广州市晶世威机电设备有限公司
15302219611,广州市晶世威机电设备有限公司
15302219611,广州市晶世威机电设备有限公司
15302219611,广州市晶世威机电设备有限公司
15302219611,广州市晶世威机电设备有限公司
15302219611,广州市晶世威机电设备有限公司
13967560720,诸暨市大亚机械配件厂
18569951608,巩义市锦通管道设备有限公司
18569951608,巩义市锦通管道设备有限公司
18569951608,巩义市锦通管道设备有限公司
18569951608,巩义市锦通管道设备有限公司
18569951608,巩义市锦通管道设备有限公司
18569951608,巩义市锦通管道设备有限公司
18569951608,巩义市锦通管道设备有限公司
18569951608,巩义市锦通管道设备有限公司
18569951608,巩义市锦通管道设备有限公司
18569951608,巩义市锦通管道设备有限公司
18569951608,巩义市锦通管道设备有限公司
15201798507,上海达琼流体科技有限公司
18817519632,上海蝶津阀门制造有限公司
,上海呼亚阀门机械有限公司
18217138817,上海苍续流体科技有限公司
,上海甘沐阀门有限公司
18217421715,上海呼克流体设备有限公司
15662680660,山东力高仪器设备有限公司
13917658098,上海清雨阀门设备有限公司
18020250889,苏州意达特流体设备有限公司
15002187592,上海丙意阀门有限公司
15002187592,上海丙意阀门有限公司
15002187592,上海丙意阀门有限公司
13760374951,深圳市泰迡斯超声波设备有限公司
,上海语骁机电设备有限公司
18321129272,上海卓旋阀门有限公司
15122292665,天津一洋五金有限公司
15122292665,天津一洋五金有限公司
15122292665,天津一洋五金有限公司
15122292665,天津一洋五金有限公司
15122292665,天津一洋五金有限公司

13671506557,上海持承自动化设备有限公司
13671506557,上海持承自动化设备有限公司
13671506557,上海持承自动化设备有限公司
13671506557,上海持承自动化设备有限公司
13671506557,上海持承自动化设备有限公司
13671506557,上海持承自动化设备有限公司
13671506557,上海持承自动化设备有限公司
13671506557,上海持承自动化设备有限公司
13671506557,上海持承自动化设备有限公司
13671506557,上海持承自动化设备有限公司
13564830132,上海忠兰流体控制设备有限公司
15814415510,深圳市亿威仕流体控制有限公司
13824390208,深圳天行健工业有限公司
17779590687,江西锐沃流体技术有限公司
18019289487,上海儒隆自动化科技有限公司
18019289487,上海儒隆自动化科技有限公司
13683712868,巩义市西村镇华丰给排水材料厂
13526756010,河南天圣建材有限公司
13824390208,深圳天行健工业有限公司
18961074399,泰州海得利吊装设备有限公司
15122292665,天津一洋五金有限公司
15122292665,天津一洋五金有限公司
15122292665,天津一洋五金有限公司
15122292665,天津一洋五金有限公司
15122292665,天津一洋五金有限公司
15122292665,天津一洋五金有限公司
15122292665,天津一洋五金有限公司
15122292665,天津一洋五金有限公司
15122292665,天津一洋五金有限公司
15122292665,天津一洋五金有限公司
15122292665,天津一洋五金有限公司
15122292665,天津一洋五金有限公司
17779590687,江西锐沃流体技术有限公司
17779590687,江西锐沃流体技术有限公司
17779590687,江西锐沃流体技术有限公司
17779590687,江西锐沃流体技术有限公司
13391916856,北京肯拓英达科技有限公司
18562697333,莱州市金孚恩机械有限公司
13821179269,般德阀门科技有限公司
19922639515,天津易科电气有限公司

13303379775,河北亨泰机床附件制造有限公司
19922639515,天津易科电气有限公司
15090480399,河南太行全利（集团）有限公司
,杭州浙稳贺机械配件有限公司
,杭州浙稳贺机械配件有限公司
,杭州浙稳贺机械配件有限公司
,杭州浙稳贺机械配件有限公司
,杭州浙稳贺机械配件有限公司
,杭州浙稳贺机械配件有限公司
,杭州浙稳贺机械配件有限公司
,杭州浙稳贺机械配件有限公司
,杭州浙稳贺机械配件有限公司
,杭州浙稳贺机械配件有限公司
,杭州浙稳贺机械配件有限公司
,杭州浙稳贺机械配件有限公司
,杭州浙稳贺机械配件有限公司
,杭州浙稳贺机械配件有限公司
,杭州浙稳贺机械配件有限公司
,杭州浙稳贺机械配件有限公司
,杭州浙稳贺机械配件有限公司
,杭州浙稳贺机械配件有限公司
,杭州浙稳贺机械配件有限公司
,杭州浙稳贺机械配件有限公司
,杭州浙稳贺机械配件有限公司
,杭州浙稳贺机械配件有限公司
13391250922,上海隆为实业有限公司
13391250922,上海隆为实业有限公司
13391250922,上海隆为实业有限公司
18263369850,日照康诺特电子科技有限公司
13926878409,东莞市鑫燚恒机械有限公司
13926878409,东莞市鑫燚恒机械有限公司
13926878409,东莞市鑫燚恒机械有限公司
13926878409,东莞市鑫燚恒机械有限公司
13926878409,东莞市鑫燚恒机械有限公司
13926878409,东莞市鑫燚恒机械有限公司
13926878409,东莞市鑫燚恒机械有限公司
13926878409,东莞市鑫燚恒机械有限公司
13926878409,东莞市鑫燚恒机械有限公司

18810386028,北京德意华翔机械设备有限公司
13926878409,东莞市鑫燚恒机械有限公司
13926878409,东莞市鑫燚恒机械有限公司
13926878409,东莞市鑫燚恒机械有限公司
13926878409,东莞市鑫燚恒机械有限公司
13926878409,东莞市鑫燚恒机械有限公司
13926878409,东莞市鑫燚恒机械有限公司
13926878409,东莞市鑫燚恒机械有限公司
13926878409,东莞市鑫燚恒机械有限公司
13926878409,东莞市鑫燚恒机械有限公司
13926878409,东莞市鑫燚恒机械有限公司
13926878409,东莞市鑫燚恒机械有限公司
13926878409,东莞市鑫燚恒机械有限公司
13926878409,东莞市鑫燚恒机械有限公司
13926878409,东莞市鑫燚恒机械有限公司
13926878409,东莞市鑫燚恒机械有限公司
13926878409,东莞市鑫燚恒机械有限公司
13926878409,东莞市鑫燚恒机械有限公司
13926878409,东莞市鑫燚恒机械有限公司
13926878409,东莞市鑫燚恒机械有限公司
13926878409,东莞市鑫燚恒机械有限公司
13926878409,东莞市鑫燚恒机械有限公司
13926878409,东莞市鑫燚恒机械有限公司
13926878409,东莞市鑫燚恒机械有限公司
13926878409,东莞市鑫燚恒机械有限公司
13926878409,东莞市鑫燚恒机械有限公司
13926878409,东莞市鑫燚恒机械有限公司
13926878409,东莞市鑫燚恒机械有限公司
13926878409,东莞市鑫燚恒机械有限公司
13926878409,东莞市鑫燚恒机械有限公司
13926878409,东莞市鑫燚恒机械有限公司
13926878409,东莞市鑫燚恒机械有限公司
13926878409,东莞市鑫燚恒机械有限公司
13926878409,东莞市鑫燚恒机械有限公司
13926878409,东莞市鑫燚恒机械有限公司
13926878409,东莞市鑫燚恒机械有限公司
13926878409,东莞市鑫燚恒机械有限公司
13926878409,东莞市鑫燚恒机械有限公司
13926878409,东莞市鑫燚恒机械有限公司
13926878409,东莞市鑫燚恒机械有限公司

15810861895,北京搏恩科技有限公司
15706758880,乐清市希伯仑紧固件有限公司
15810861895,北京搏恩科技有限公司
15810861895,北京搏恩科技有限公司
18988857540,广州飞灿贸易有限公司
18157362939,嘉兴市胡默尔电气有限公司
13731210220,保定市凯莱索具有限公司
18988857540,广州飞灿贸易有限公司
13926878409,东莞市鑫燚恒机械有限公司
13926878409,东莞市鑫燚恒机械有限公司
13926878409,东莞市鑫燚恒机械有限公司
15051600064,昆山市卡纳工业设备有限公司
13888125711,云南明高经贸有限公司
13386373881,滕州市南沙河德纳机械加工部
13764015612,上海富万国际贸易有限公司
18502950712,陕西美通永盛实业控股集团有限公司
13901673045,上海通尊液压机械有限公司
13901673045,上海通尊液压机械有限公司
13901673045,上海通尊液压机械有限公司
13901673045,上海通尊液压机械有限公司
13901673045,上海通尊液压机械有限公司
13901673045,上海通尊液压机械有限公司
13901673045,上海通尊液压机械有限公司
13399288093,西安溢泰环保设备有限公司
15649025444,河南中天管道设备制造有限公司
15649025444,河南中天管道设备制造有限公司
18067123467,宁波杰艾逖仓储设备有限公司
18067123467,宁波杰艾逖仓储设备有限公司
18067123467,宁波杰艾逖仓储设备有限公司
13386373881,滕州市南沙河德纳机械加工部
18800571710,无锡喜登博五金设备有限公司
18800571710,无锡喜登博五金设备有限公司
18800571710,无锡喜登博五金设备有限公司
18800571710,无锡喜登博五金设备有限公司
15053171320,嘉兴华浔电气有限公司
15053171320,嘉兴华浔电气有限公司
18317007319,上海霞口阀门机械有限公司
18317007319,上海霞口阀门机械有限公司

13686098377,东莞市林记精密五金有限公司
13686098377,东莞市林记精密五金有限公司
13686098377,东莞市林记精密五金有限公司
13686098377,东莞市林记精密五金有限公司
13686098377,东莞市林记精密五金有限公司
13686098377,东莞市林记精密五金有限公司
13686098377,东莞市林记精密五金有限公司
13686098377,东莞市林记精密五金有限公司
13687658273,青岛弘科电气有限公司
13687658273,青岛弘科电气有限公司
13687658273,青岛弘科电气有限公司
13687658273,青岛弘科电气有限公司
13564216940,上海乙谛精密机械有限公司
15053171320,嘉兴华浔电气有限公司
15053171320,嘉兴华浔电气有限公司
15053171320,嘉兴华浔电气有限公司
15053171320,嘉兴华浔电气有限公司
15053171320,嘉兴华浔电气有限公司
15053171320,嘉兴华浔电气有限公司
15053171320,嘉兴华浔电气有限公司
15053171320,嘉兴华浔电气有限公司
15053171320,嘉兴华浔电气有限公司
15053171320,嘉兴华浔电气有限公司
15053171320,嘉兴华浔电气有限公司
15053171320,嘉兴华浔电气有限公司
15053171320,嘉兴华浔电气有限公司
15053171320,嘉兴华浔电气有限公司
15053171320,嘉兴华浔电气有限公司
15053171320,嘉兴华浔电气有限公司
15053171320,嘉兴华浔电气有限公司
15053171320,嘉兴华浔电气有限公司
15053171320,嘉兴华浔电气有限公司
15053171320,嘉兴华浔电气有限公司
15053171320,嘉兴华浔电气有限公司
15053171320,嘉兴华浔电气有限公司
15053171320,嘉兴华浔电气有限公司
15053171320,嘉兴华浔电气有限公司
15053171320,嘉兴华浔电气有限公司
15053171320,嘉兴华浔电气有限公司
15053171320,嘉兴华浔电气有限公司

15895211246,徐州艾迪石化设备制造有限公司
15895211246,徐州艾迪石化设备制造有限公司
15895211246,徐州艾迪石化设备制造有限公司
15895211246,徐州艾迪石化设备制造有限公司
18068819576,南京比尔沃五金有限公司
15053171320,嘉兴华浔电气有限公司
15053171320,嘉兴华浔电气有限公司
13325739200,嘉兴星瑞塑业有限公司
13325739200,嘉兴星瑞塑业有限公司
13325739200,嘉兴星瑞塑业有限公司
13325739200,嘉兴星瑞塑业有限公司
13325739200,嘉兴星瑞塑业有限公司
13325739200,嘉兴星瑞塑业有限公司
13325739200,嘉兴星瑞塑业有限公司
13325739200,嘉兴星瑞塑业有限公司
13325739200,嘉兴星瑞塑业有限公司
13325739200,嘉兴星瑞塑业有限公司
13325739200,嘉兴星瑞塑业有限公司
13325739200,嘉兴星瑞塑业有限公司
13325739200,嘉兴星瑞塑业有限公司
13325980690,浙江航仕电气有限公司
13325980690,浙江航仕电气有限公司
13325980690,浙江航仕电气有限公司
13325980690,浙江航仕电气有限公司
18593286773,桂林云塑营销中心
15613128619,石家庄怡明磨料磨具有限公司
18066442012,乐清市吉祥连接器有限公司
18066442012,乐清市吉祥连接器有限公司
18066442012,乐清市吉祥连接器有限公司
18066442012,乐清市吉祥连接器有限公司
18066442012,乐清市吉祥连接器有限公司
18066442012,乐清市吉祥连接器有限公司
18066442012,乐清市吉祥连接器有限公司
18066442012,乐清市吉祥连接器有限公司
18066442012,乐清市吉祥连接器有限公司
18066442012,乐清市吉祥连接器有限公司
18066442012,乐清市吉祥连接器有限公司
18066442012,乐清市吉祥连接器有限公司
18066442012,乐清市吉祥连接器有限公司
18066442012,乐清市吉祥连接器有限公司

15713081739,衡水安达机械设备有限公司
17315479989,昆山万盛全精密电子有限公司
17315479989,昆山万盛全精密电子有限公司
17712625659,苏州涵易电子科技有限公司
17712625659,苏州涵易电子科技有限公司
18066442012,乐清市吉祥连接器有限公司
18066442012,乐清市吉祥连接器有限公司
18066442012,乐清市吉祥连接器有限公司
18066442012,乐清市吉祥连接器有限公司
18066442012,乐清市吉祥连接器有限公司
18066442012,乐清市吉祥连接器有限公司
18066442012,乐清市吉祥连接器有限公司
18066442012,乐清市吉祥连接器有限公司
18066442012,乐清市吉祥连接器有限公司
18066442012,乐清市吉祥连接器有限公司
18066442012,乐清市吉祥连接器有限公司
18066442012,乐清市吉祥连接器有限公司
13959199347,南平市建阳区迪必达自动化科技有限公司
13767000071,南昌民辉实业有限公司
13767000071,南昌民辉实业有限公司
13767000071,南昌民辉实业有限公司
13767000071,南昌民辉实业有限公司
13767000071,南昌民辉实业有限公司
13767000071,南昌民辉实业有限公司
13767000071,南昌民辉实业有限公司
13767000071,南昌民辉实业有限公司
13767000071,南昌民辉实业有限公司
13767000071,南昌民辉实业有限公司
13767000071,南昌民辉实业有限公司
13767000071,南昌民辉实业有限公司
13767000071,南昌民辉实业有限公司
13767000071,南昌民辉实业有限公司
13767000071,南昌民辉实业有限公司
13767000071,南昌民辉实业有限公司
13767000071,南昌民辉实业有限公司
13767000071,南昌民辉实业有限公司
13767000071,南昌民辉实业有限公司
13767000071,南昌民辉实业有限公司
13767000071,南昌民辉实业有限公司
13767000071,南昌民辉实业有限公司

15396253348,厦门昶泰达工贸有限公司
13959199347,南平市建阳区迪必达自动化科技有限公司
18031887550,河北兴铭管业有限公司
18031887550,河北兴铭管业有限公司
18019136026,上海佐观电气有限公司
15369872758,景县汇龙液压流体件车床加工门市部
15617555185,巩义市万洋供水材料有限公司
15617555185,巩义市万洋供水材料有限公司
15617555185,巩义市万洋供水材料有限公司
15617555185,巩义市万洋供水材料有限公司
15617555185,巩义市万洋供水材料有限公司
13348931787,成都一洋五金有限公司
13348931787,成都一洋五金有限公司
13348931787,成都一洋五金有限公司
13348931787,成都一洋五金有限公司
13348931787,成都一洋五金有限公司
13348931787,成都一洋五金有限公司
13348931787,成都一洋五金有限公司
13348931787,成都一洋五金有限公司
13348931787,成都一洋五金有限公司
15638193853,巩义市昌瑞供水材料销售有限公司
15638193853,巩义市昌瑞供水材料销售有限公司
13652650328,东莞科曼工业设备有限公司
18766667790,滕州市江晟机械制造有限公司
18700712415,宝鸡福莱通五金配件厂
18700712415,宝鸡福莱通五金配件厂
18700712415,宝鸡福莱通五金配件厂
18700712415,宝鸡福莱通五金配件厂
18700712415,宝鸡福莱通五金配件厂
18700712415,宝鸡福莱通五金配件厂
18262459047,泰州市虹莱不锈钢制品有限公司

18019136026,上海佐观电气有限公司
,上海登宠阀门有限公司
18019136026,上海佐观电气有限公司
18019136026,上海佐观电气有限公司
18019136026,上海佐观电气有限公司
18019136026,上海佐观电气有限公司
18019136026,上海佐观电气有限公司
18019136026,上海佐观电气有限公司
18019136026,上海佐观电气有限公司
18019136026,上海佐观电气有限公司
18019136026,上海佐观电气有限公司
18019136026,上海佐观电气有限公司
18019136026,上海佐观电气有限公司
18019136026,上海佐观电气有限公司
18019136026,上海佐观电气有限公司
18019136026,上海佐观电气有限公司
18019136026,上海佐观电气有限公司
18019136026,上海佐观电气有限公司
18019136026,上海佐观电气有限公司
18019136026,上海佐观电气有限公司
18019136026,上海佐观电气有限公司
18019136026,上海佐观电气有限公司
18019136026,上海佐观电气有限公司
18019136026,上海佐观电气有限公司
18019136026,上海佐观电气有限公司
18019136026,上海佐观电气有限公司
18019136026,上海佐观电气有限公司
18019136026,上海佐观电气有限公司
18019136026,上海佐观电气有限公司
18019136026,上海佐观电气有限公司
18019136026,上海佐观电气有限公司
18019136026,上海佐观电气有限公司
18019136026,上海佐观电气有限公司
18019136026,上海佐观电气有限公司
18019136026,上海佐观电气有限公司
18019136026,上海佐观电气有限公司
18019136026,上海佐观电气有限公司
18019136026,上海佐观电气有限公司
18019136026,上海佐观电气有限公司
18019136026,上海佐观电气有限公司

18700704284,宝鸡福莱通机械有限公司
18019136026,上海佐观电气有限公司
18019136026,上海佐观电气有限公司
18019136026,上海佐观电气有限公司
13325980690,浙江航仕电气有限公司
18019136026,上海佐观电气有限公司
18019136026,上海佐观电气有限公司
18019136026,上海佐观电气有限公司
18019136026,上海佐观电气有限公司
15613128619,石家庄怡明磨料磨具有限公司
18019136026,上海佐观电气有限公司
18019136026,上海佐观电气有限公司
18019136026,上海佐观电气有限公司
18019136026,上海佐观电气有限公司
13512535329,南京园太电器有限公司
18019136026,上海佐观电气有限公司
18019136026,上海佐观电气有限公司
18019136026,上海佐观电气有限公司
18019136026,上海佐观电气有限公司
18019136026,上海佐观电气有限公司
13580727949,东莞市骏怡线棒制造有限公司
13580727949,东莞市骏怡线棒制造有限公司
13348931787,成都一洋五金有限公司
13564216940,上海乙谛精密机械有限公司
18700704284,宝鸡福莱通机械有限公司
18700704284,宝鸡福莱通机械有限公司
18700704284,宝鸡福莱通机械有限公司
18700704284,宝鸡福莱通机械有限公司
18700704284,宝鸡福莱通机械有限公司
18700704284,宝鸡福莱通机械有限公司
18700704284,宝鸡福莱通机械有限公司
18700704284,宝鸡福莱通机械有限公司
18766667790,滕州市江晟机械制造有限公司
,东莞市庆邦机械配件有限公司
15369872758,景县汇龙液压流体件车床加工门市部
15933822186,河北恒锦橡塑制品有限公司
15933822186,河北恒锦橡塑制品有限公司
15933822186,河北恒锦橡塑制品有限公司
15933822186,河北恒锦橡塑制品有限公司
15933822186,河北恒锦橡塑制品有限公司

15762696318,山东特玛利商贸有限公司
15762696318,山东特玛利商贸有限公司
15933822186,河北恒锦橡塑制品有限公司
15933822186,河北恒锦橡塑制品有限公司
15933822186,河北恒锦橡塑制品有限公司
15933822186,河北恒锦橡塑制品有限公司
15933822186,河北恒锦橡塑制品有限公司
15933822186,河北恒锦橡塑制品有限公司
15933822186,河北恒锦橡塑制品有限公司
15933822186,河北恒锦橡塑制品有限公司
15933822186,河北恒锦橡塑制品有限公司
13091196316,河北宇通特种胶管有限公司
13091196316,河北宇通特种胶管有限公司
13091196316,河北宇通特种胶管有限公司
13091196316,河北宇通特种胶管有限公司
13091196316,河北宇通特种胶管有限公司
15037114264,北京汉达森机械技术有限公司
18217035071,茨普阀业（上海）有限公司
18766667790,滕州市江晟机械制造有限公司
18766667790,滕州市江晟机械制造有限公司
15369872758,景县汇龙液压流体件车床加工门市部
18033479217,河北上通环保科技有限公司
18033479217,河北上通环保科技有限公司
18766667790,滕州市江晟机械制造有限公司
18766667790,滕州市江晟机械制造有限公司
18766667790,滕州市江晟机械制造有限公司
18766667790,滕州市江晟机械制造有限公司
18766667790,滕州市江晟机械制造有限公司
18766667790,滕州市江晟机械制造有限公司
18766667790,滕州市江晟机械制造有限公司
18766667790,滕州市江晟机械制造有限公司
18766667790,滕州市江晟机械制造有限公司
18766667790,滕州市江晟机械制造有限公司
18766667790,滕州市江晟机械制造有限公司
18766667790,滕州市江晟机械制造有限公司
15297648111,河北开外尔橡塑制品有限公司
18766667790,滕州市江晟机械制造有限公司
18766667790,滕州市江晟机械制造有限公司
18766667790,滕州市江晟机械制造有限公司
18766667790,滕州市江晟机械制造有限公司
